ID,TomorrowRainForecast
9292,0.3922040042861664
7569,0.989039751211398
9408,0.6674219799609805
7337,0.3446881524441262
7928,0.48959726832900574
9254,0.6456084267479041
8765,0.20534927936832792
8169,0.1638358853751778
8618,0.9096432255571972
8831,0.6480848969848119
7258,0.6553934791199129
7869,0.12402303500015877
7914,0.10052015620134436
9883,0.39522589490748306
7782,0.17333436231670862
9505,0.5965690557793281
8399,0.9343234669436075
7056,0.5866724757139006
7134,0.5862475377584513
8956,0.8593649437575952
9258,0.5147762593873025
9664,0.11586828914345237
9486,0.04041480574681067
8068,0.7300244617105944
8216,0.8506996851899334
8286,0.6065527605783113
7562,0.48720372107436427
9858,0.8856674704736585
7739,0.1664690808542053
9226,0.7023681244486781
7536,0.32227314634596427
7766,0.7812097053043681
9297,0.9878685106783358
7594,0.4571478375309379
9843,0.09179782550955629
7054,0.5635280584170009
9182,0.9015391600289281
9620,0.754526776918019
7403,0.9111691171724027
7174,0.6812844564922023
8592,0.9041356649753827
8872,0.8375788291859697
7110,0.5368725501862851
9630,0.5018051128286646
8293,0.13855309325826237
9798,0.6672027642977891
8514,0.36390691965263644
7617,0.7832457928679077
8715,0.8503874997976109
9885,0.5806416866764337
8515,0.2622394917434009
9644,0.10013407801549334
8179,0.9987068602241561
8718,0.7947271005810259
9013,0.6314476072254163
8123,0.5410554989269867
9637,0.020065136577738785
7483,0.3727993989785773
6987,0.9945848267121344
7373,0.22027539592726098
7878,0.4525464215362507
8020,0.5496445626810134
7335,0.7434224830130902
7623,0.6249076871720123
9788,0.4297022425987679
7911,0.7560112080139613
9585,0.39846421706044655
9220,0.7674764817689868
7997,0.9423118030617146
9128,0.27617899673756796
8346,0.5869654298984681
7808,0.17492874319653395
8170,0.8770084507101138
7441,0.668195671432467
7632,0.8484738238185391
8797,0.36709045157585374
7434,0.637534913403768
8565,0.8728520487709279
6959,0.5125220512031865
8904,0.5250419070442146
7880,0.6632034565753658
7241,0.4065456675996817
6953,0.5793619944736532
9003,0.2757971153465234
8523,0.15930209445471744
9247,0.9555594192598759
7756,0.6341888111616074
7345,0.39114970261654747
9392,0.8415525673660833
9865,0.9603578944861793
8787,0.7246561897794376
9096,0.2860474953657033
8898,0.15981522112766855
9017,0.7792589761513977
8518,0.4570651391077045
8133,0.6454710976871715
8280,0.17565116126495228
7061,0.12371794094699329
9562,0.5417429431388041
7231,0.7672068987308626
9149,0.3506539290629924
8305,0.4092019779420434
9711,0.6905258268270675
9306,0.06389132559634036
8259,0.41517539551968996
9559,0.2065040238215582
8310,0.2822049799966365
7487,0.41630555152001303
7062,0.7094619030737405
9278,0.5972864636731889
8057,0.5441093405128354
8519,0.3668356239422962
7473,0.7220261395706808
7753,0.19901413467990792
8728,0.39051119032349946
9502,0.4401764959262996
7291,0.48097323474481457
7502,0.23367273068306993
8030,0.35897011599157935
9758,0.2916498076155686
8850,0.6973509306022857
7831,0.9034500232208822
7652,0.22835579909686576
9214,0.1673900119906645
9783,0.11016748057824444
7052,0.16634989890455543
9185,0.8301229229128136
8292,0.900867759969305
7035,0.4219501567662598
8312,0.06386004646195531
7015,0.5245437719306911
9930,0.07259550661378678
9413,0.2722485828917438
7300,0.416492814567178
7628,0.07015802589544773
9227,0.31428263343898977
8998,0.9363248239257728
9532,0.10357695453328175
9604,0.7834015172298749
8347,0.8930007923402352
8895,0.29922098292308097
7978,0.6246035847837509
7853,0.7800886575003115
9342,0.7375402240430796
8844,0.08758343406366065
7992,0.750019826411787
8414,0.18469028492778983
9073,0.6248900237764559
7557,0.02223278389420602
7163,0.44293911799585284
9389,0.2894662376963105
8536,0.7902342514518773
7676,0.9343790513954071
8394,0.3180806442358365
8737,0.9660903230647124
7906,0.8159180377075824
9632,0.004547438464222786
9332,0.5190186024445769
8991,0.8383127802847586
8174,0.09742793808748951
7649,0.5339472654110192
7925,0.5099015368975606
9469,0.006241267106954829
8402,0.9406560180284518
7492,0.7080154105578562
8475,0.48413719848349024
7758,0.32195256844924236
8156,0.7820829270763863
7076,0.11076165259369042
7598,0.637461253769978
9727,0.09159139738665156
7293,0.4982178245203901
7026,0.12871512660343443
7164,0.5679386949779157
9685,0.6482599456068021
8970,0.7807827172367279
8640,0.8822398908572626
9558,0.9085069511929251
8673,0.9321084314392802
7511,0.747735283064818
9007,0.6542481484756425
7734,0.6571887190050797
7535,0.048212144324299544
8531,0.42569833399224133
9404,0.047698317579042415
7784,0.9449129061734131
8257,0.1447049270633507
7359,0.9217317417394523
6990,0.7321150559508082
9325,0.005991406768248053
9119,0.03722400601111209
7278,0.9790024792400447
7595,0.0014138593838326496
8663,0.532961604275019
9784,0.2037459523764199
8825,0.5518990400069317
8954,0.010357948928683247
7603,0.1060629579618172
8231,0.8132916551397057
7488,0.09163091104115673
8118,0.27790063470883686
8676,0.45989636983484383
8641,0.7506140965949849
9801,0.35583310194494555
7611,0.9194662891059059
8726,0.647919006122185
8037,0.8218864238605372
7389,0.5004546453374242
8590,0.9648469297231327
9613,0.256436696544161
7254,0.07895197743537685
7546,0.3016781191573501
7702,0.19816393834630408
8646,0.5568826509402174
8242,0.7807349661482671
8204,0.7391585526601534
8374,0.12236681496688895
9626,0.9630403858424185
9779,0.37085121211051186
8660,0.03521578205454967
7837,0.529234643198641
9597,0.7653280760657817
7472,0.4657755520672704
8632,0.7660418444621713
8107,0.43064955976403907
7095,0.5343371774684962
7041,0.03387640068518494
9035,0.3538247552706366
8692,0.022106368181387226
9027,0.037057438288551015
9403,0.986789394536255
7691,0.6394238426408406
9740,0.18066049609125756
8299,0.0031210064487937617
9030,0.6806656835758613
8884,0.762995952550729
7272,0.8985264660013167
9336,0.15116480152363232
7079,0.6825451831471001
7677,0.2734492630775358
7776,0.8340547891115434
7781,0.5808218522812241
7850,0.9152765214664326
9527,0.785490412403957
9028,0.8422911548218961
8530,0.45256328572762816
7092,0.5878506029717507
8955,0.7807249475448654
8412,0.8781920122310899
8619,0.552976795261415
8473,0.6339131083176655
9700,0.6824304455203809
7731,0.4954240283249457
7455,0.7254896579006106
9001,0.7367260268462678
8928,0.5230801966084481
8110,0.23089522277445584
7372,0.23023958408415102
9877,0.5680293016297593
7859,0.3644150227975347
8679,0.9141115746174503
9671,0.645470275271998
8223,0.8033777484390167
9100,0.44212114673734493
9614,0.8910197525342086
7325,0.8225677404257139
8703,0.32542780473420985
7750,0.3010597195011987
7235,0.006610584378071271
7459,0.9055152571160828
8353,0.20908120907236927
8613,0.5111612931826622
9159,0.8044010413317991
7806,0.9710430649898499
9140,0.11083284514635405
8377,0.9290512862051054
8548,0.36636912446708914
7066,0.11106553937455621
7960,0.615317633879537
7431,0.5537310445047516
9141,0.7273586280488228
8271,0.29430871044883244
7507,0.18603578283382094
9680,0.44573752690912594
9024,0.23344407691791658
8161,0.9945788384896778
7032,0.576703172112237
9793,0.5555860111140398
9770,0.7732279270160146
9290,0.6638496677375912
7252,0.4071288714281778
8965,0.07655517183771954
7025,0.5428579005589645
9723,0.48002536860086065
9198,0.41163778734286915
8339,0.6693409277757454
8959,0.760432720899513
7955,0.19244711310991935
8759,0.4791945073853314
9765,0.9177042474070963
7123,0.6550891301304476
7621,0.8154698388378822
8018,0.0021498475387181637
9440,0.9302291131808689
9616,0.2388696551172057
7717,0.44249930597557774
7572,0.6937249294981813
7327,0.8435925021852898
7846,0.1272896303320492
9478,0.5505230500190311
8875,0.1742980034672421
8136,0.11162601526306892
8438,0.9972886018869112
8717,0.5568895824141742
9687,0.08459278409292315
8079,0.038745931679168844
7840,0.30827913785580807
8891,0.5776979187587388
8736,0.48621653470575665
7220,0.4494850373214594
9398,0.10120306581121585
8889,0.08968393638631944
9570,0.2708324320109139
9951,0.12304965267854107
9908,0.006583716111157711
8396,0.9966063192687827
7083,0.32333712466221975
8978,0.8423403912351733
8699,0.2186025186293603
7606,0.5131148922384134
7499,0.5134313396290568
9446,0.3820562979814348
8232,0.35210435298860177
8137,0.3965790512294052
9510,0.30801307070339046
9426,0.44758920272883107
7514,0.9744879967385208
7270,0.8725016687574151
7096,0.42255681248799193
8707,0.13697830743611594
9134,0.8289209115297635
7805,0.8397580824533784
9419,0.38607634699578164
7132,0.12035227976086083
7379,0.0998119154031738
8571,0.1872061241785763
7636,0.5110063627165962
9736,0.4069020955315329
7319,0.26653516127717025
7346,0.5656795966641109
9205,0.5851391897548034
8973,0.4816418473685695
7684,0.6357057232395712
9272,0.990111500375817
8326,0.6700030472195018
9294,0.08633907617549663
8448,0.6590318466434079
7137,0.020971113550153464
9289,0.9999163930216547
8762,0.4235946199958205
7239,0.25240103829964433
8002,0.2756783198724644
7195,0.04841489383504283
7206,0.04045899521177565
8606,0.9108474718939927
9748,0.46753467847221464
8753,0.35594602657645336
8253,0.3934242532673573
8521,0.7918655865726997
8535,0.5395940612712594
8431,0.5448459847712762
7043,0.7859020789881908
8084,0.8926452210173952
7046,0.13770697781028252
7607,0.5144992008003704
7815,0.3629702888112267
7604,0.9663983218811857
7587,0.8774182689331488
9645,0.34253261828531334
8487,0.913405738223416
9721,0.33739267492472913
9746,0.026089433959408215
8108,0.6207412231198951
7343,0.8168089111914784
8495,0.360093266151414
9197,0.7453064487256996
9320,0.061398956043420716
7821,0.1063677661389747
7711,0.22559469011420963
9515,0.6812959622216529
8102,0.1703735055752168
6954,0.7567219707313938
7952,0.9003421360762105
9524,0.7119503067155483
8307,0.15711237557757884
9939,0.4312270088097794
8210,0.6686987524465877
9902,0.9703504239345273
8219,0.5745428750892123
7191,0.8720420774858367
9936,0.2811399698532724
9238,0.3216278947114043
9041,0.11238526523935477
9669,0.9660303096071229
9844,0.5003980981558165
9647,0.6487851513774204
9164,0.011425520921709564
9365,0.17845465978674668
8098,0.462599831317938
9728,0.2919835848560277
8336,0.04424757970238635
7364,0.1898594796563967
9252,0.3615644058216405
9279,0.014140409175875668
7181,0.036859647088592684
9053,0.25190197293454775
8568,0.5556575111614186
7518,0.6169726727732168
7879,0.8928983261139117
8048,0.7618018859761362
8080,0.44949418815322373
8090,0.2960906966719845
7639,0.5570397801048982
8657,0.48570680646531206
7709,0.9513022035358295
8308,0.08066051570596955
9031,0.6094406762963401
8309,0.6385820151687006
7570,0.7002111652735659
7762,0.7112245684465311
9757,0.009379305812625027
8343,0.4591245398451257
9449,0.5453796155265239
7984,0.39606033019554454
9380,0.8134307094730138
9455,0.34514760990163174
7742,0.35804074076701475
8756,0.9412212415962706
7530,0.06955409773733556
7767,0.376249192452206
7360,0.0011178906700466396
9752,0.9993647568207267
8786,0.7978209263619237
7230,0.09837393376451264
7694,0.5415019779255456
7532,0.22707620722774335
8771,0.7778631488107481
9266,0.5468265177391131
9912,0.7142839428159983
9683,0.4993316688696414
9375,0.4622352509654337
7662,0.07893027743766878
8818,0.2886592233436166
9079,0.824781027610146
7081,0.18020041772229678
7114,0.6758405558932256
8712,0.5384817584891763
8144,0.45732425406472077
7404,0.9164419598134089
7429,0.5049832488836503
7981,0.8567146734567518
8832,0.7086701009151236
7503,0.5376863925704404
7954,0.8576883239143291
9152,0.38765088058351327
9167,0.8279266919664631
9264,0.8135815380538136
9831,0.46265546020991655
9300,0.31833586538282954
9386,0.6041412606439118
8474,0.01087894034671244
8886,0.9233944263460182
9591,0.6754338326122652
8200,0.8952354932354939
8082,0.9640535035806798
6984,0.17027677664156293
7199,0.0008992286106560554
7367,0.41702918998663974
7961,0.9244223265784448
8199,0.26396669086825597
8960,0.3324073257729717
8366,0.926374437109255
7670,0.2702475880601055
9464,0.09485187563483388
9328,0.7601330370342897
8670,0.38995663030794037
7439,0.5437676586898478
8217,0.3589796115941787
9295,0.7151241569174677
8888,0.8860215639334849
7394,0.941829093998209
8732,0.7333688203036539
9422,0.12959829282619595
7479,0.7261691438655355
7647,0.01385731698462589
8873,0.8085531221113984
7236,0.5324157072137627
8439,0.6056881101469078
7990,0.8367795636238592
9178,0.21761086221807702
7798,0.8730511012508806
7112,0.7212208821271072
8947,0.42453486423544706
8710,0.6855214768801492
7556,0.629381475348368
8871,0.5651098457730445
8785,0.8251179363701432
8969,0.5520593665738016
9400,0.09040672891977786
6974,0.2925511593833189
7154,0.13395682777976325
8774,0.046812325403557065
8075,0.4111555147516748
8828,0.510142643217503
8550,0.2492063987635843
9256,0.6801531646623582
9224,0.5885562398087912
6980,0.8988668960909433
9362,0.8420619849518495
7848,0.7242963587444545
8752,0.8629412123461505
8781,0.13814277847161516
7720,0.6485961764261279
9195,0.09214956269305119
7016,0.3981277462006687
9145,0.1821816317326822
7599,0.6736440345618474
8643,0.7210970821245909
9321,0.0489272417854445
8593,0.3215423028528832
9521,0.027831685282774465
7765,0.46566802006634644
8140,0.7633953399340404
7288,0.2451849119310724
7527,0.8632046154187696
6976,0.09736392002459837
7657,0.6000341042448847
8520,0.3279634323155194
7464,0.18366599491398705
9129,0.12429396596085884
7673,0.030850984710191987
7386,0.8394698410234854
8224,0.8693777016309108
9331,0.8507572415534056
7387,0.5098912352741353
9340,0.29426953620040674
7018,0.06693435431824613
7481,0.808830497024531
7938,0.645136960734978
7558,0.7507098176349828
7855,0.972380484517577
9066,0.6081493872898999
7411,0.8453509884017603
7573,0.7566867713930991
9734,0.5073282640049998
9211,0.44929911669105493
7842,0.7369499255106768
9794,0.9962524836632802
9722,0.6998783878770253
7463,0.36263823699231335
8039,0.0511326964418779
8025,0.3742392790900456
8957,0.13914090099235
7051,0.6955970624161639
9560,0.6203412816741823
7712,0.5519106012827077
7737,0.06525622345004412
7097,0.24221839637700404
8277,0.7719120349270203
8355,0.47524358556245105
9937,0.6854027156738324
9730,0.1722667896436645
8696,0.763758128813037
9679,0.42839831811820483
8697,0.5574323018344767
8942,0.22572671546988843
9869,0.8622575127803288
9712,0.3345530900864242
8051,0.3908995209215922
9596,0.19897514920843695
8362,0.5120712046578542
7050,0.21343962400863348
7977,0.03569135926738398
7584,0.3991525201985012
8981,0.11944380647447395
7796,0.05095867427865963
9881,0.780756633977437
8784,0.455715366045659
8731,0.9556882580202122
8419,0.16167111945229795
7610,0.615913811296536
8000,0.6092119441439291
7713,0.5670291327071177
7669,0.9215013483570871
9429,0.7147062343448048
7613,0.8042089027840327
7248,0.6782148914143201
9056,0.2547724602689856
9116,0.1401470745898621
7659,0.9816292503215092
7872,0.09513127646741137
8944,0.8580793634719291
7234,0.7492145962976279
7224,0.1805053053287684
9838,0.1272449478736688
8834,0.9194295744096908
7256,0.34620101264676173
7130,0.6704528105054749
8425,0.6976616019663319
8795,0.3686729352782496
7841,0.29491484064510476
8091,0.8057050094970194
7476,0.4250118209753574
9682,0.591244797702188
7251,0.38401619760905703
9942,0.7361018910578523
8916,0.7538544185657369
9202,0.37033460828614806
9368,0.4936208829017128
9817,0.7204228933507791
8062,0.049778179934163225
8631,0.9189080885659369
8457,0.12101994728851506
9814,0.993505150940035
7508,0.721657451451088
8980,0.8471432163785754
9880,0.5482811021725134
9629,0.797644946083495
8138,0.46341436915017176
9952,0.8261836911410598
7020,0.22431887437675646
7930,0.17362853637451292
9257,0.8425063772639131
8671,0.8648351958344532
7686,0.873202918440145
9055,0.42863925748965936
6983,0.07065991719346287
8990,0.0858791927977749
9284,0.5760327232203781
8796,0.40442714264917756
7810,0.9543964549888166
7730,0.0406760278374908
7926,0.3295360616723474
8303,0.7268112982254884
9491,0.3553539005628612
9399,0.45104843077965673
8971,0.6962858937060987
7233,0.6507644427971863
8247,0.37937557236744057
6991,0.5495243714695819
8450,0.8551245261167832
7531,0.43421571161178707
9177,0.08292739158536766
8820,0.8153231340056746
8695,0.42530757823141085
8595,0.6297605312902155
8682,0.5622811885786765
7800,0.44551009404786746
9756,0.6184900385964829
8562,0.47283998040784214
8139,0.19743016072044928
8945,0.6585218349656714
6962,0.5542160159995313
9172,0.12747368183627306
8125,0.42631805203736417
8078,0.3194509778668443
9561,0.523887599040694
8953,0.351734314026778
7103,0.8639215658072182
9668,0.2414595574973939
8713,0.21573622874954157
7409,0.46344486315634825
7361,0.7368802146216015
7581,0.5710382667637393
7201,0.9222684467887718
7350,0.8395862197048949
8931,0.44058594785643335
9944,0.3002190359547605
9845,0.4614095982686369
8196,0.40309440827024057
7158,0.10688890489192204
8441,0.7558666605251249
7450,0.739079783697324
9229,0.17833084499893714
8719,0.15129871422110086
9075,0.2472413751946133
8272,0.8756046717562791
9514,0.025859785334324092
7037,0.7899746792018749
7641,0.8859854113368201
9244,0.6533875316436566
9659,0.07927037942666637
8551,0.9377540939644028
7226,0.028841003528750853
7396,0.6456590168036676
8463,0.9468029228844633
9069,0.364179075737859
9697,0.3180063644025448
8823,0.2796378703634298
7924,0.8671453305425837
7399,0.9194174399121505
8912,0.4050125841204596
9899,0.8179194669134539
7125,0.4934210377399869
9196,0.5719917580174858
9501,0.4702429506433431
7654,0.3138715956277557
7856,0.47980014954061534
8683,0.5623483463294786
9233,0.024879375458259356
7341,0.1252120017463133
7049,0.9894812273059442
8680,0.4124357890322198
7779,0.7734126986432427
9820,0.36144296039492274
9621,0.18160072948766193
9363,0.7065270395695089
9809,0.5684889257968928
9436,0.20443871377445733
8001,0.16749677774418248
8589,0.5596280300367283
7521,0.9262122311609415
8899,0.5822174109726577
7175,0.4387711539527157
8338,0.7464293853462513
8927,0.5649706408445068
9863,0.19280733404432404
7843,0.6446569533905236
9395,0.32375049661199073
9434,0.7063526398647393
8188,0.06166664637083963
9612,0.9237806610022582
8502,0.23081979051248058
9599,0.09975387098985755
6995,0.011230586360479577
7601,0.39726755095371213
7142,0.31694435140364585
9388,0.806673806424495
7021,0.3836231269185938
6957,0.474555026096127
8472,0.17667705022810298
9357,0.9455886507263295
8635,0.6968222707342075
8261,0.5238298120683094
9418,0.5192225363404159
8013,0.7367044426933744
9312,0.7691115598039671
7370,0.7314949945548949
8340,0.34511770180614776
9547,0.8818978021775941
7886,0.42277696992342106
7135,0.6729913822084547
7322,0.22428864897062495
9439,0.711041855840899
9045,0.412568339197946
8395,0.3348120438894512
7070,0.18554419603352235
7687,0.4112639765251227
8184,0.6236994064068248
7697,0.2508581155654508
9240,0.03467155667253885
7489,0.7275113104593858
7588,0.24117518570104257
9573,0.3224540045529851
8607,0.12890469779698688
9036,0.9889740243428679
8368,0.7694514721427649
7512,0.7764859145907854
7701,0.06657453616965758
8997,0.009464514087155429
7469,0.1090316381695351
9802,0.8918187310606513
7219,0.18555284946836947
7561,0.8080542332248583
8584,0.0013778934048476188
9837,0.5451162422736339
9708,0.8307406429973349
7744,0.7210893732375112
7042,0.026841896465674253
8471,0.20115424596760645
9201,0.11927980391780679
8165,0.7190741304376066
8779,0.15917242880501115
9341,0.44458441813470495
9444,0.5878074396438818
9323,0.6692796618300724
8251,0.8875545991552429
7245,0.8371848102483065
8813,0.4653655410445475
9461,0.7939623060655511
7136,0.5367669119053308
7352,0.5518359024680007
7950,0.042888697783710295
7447,0.2659875133464187
7344,0.21643994114851606
9741,0.22262880376588223
7180,0.4161306374814785
7356,0.14989700137870043
8915,0.2400662948934673
9204,0.3196995248233494
7809,0.8568849046454132
7995,0.2951612116312399
7551,0.42849425180500966
7900,0.8933535776131891
8596,0.24034388549628272
9324,0.4545599725896535
9615,0.38136549720252044
9026,0.9146484972349564
7644,0.5168952737535987
8761,0.7140494132056924
7309,0.17491455612716644
9453,0.2673756270025719
9060,0.34973319270622594
9906,0.18971139043457697
7792,0.019850795928949228
9082,0.8499957645944559
9330,0.5987611452576448
8929,0.5325959682032922
9619,0.8131715619495953
8791,0.26775794395067987
9359,0.9953563777408801
7642,0.05331643615417159
8922,0.23898454648401857
9118,0.1614282538437929
9905,0.8479882868643317
7098,0.0010133027859314803
8662,0.4976587535651722
9870,0.5649330620372479
8580,0.3413534394876434
9088,0.20542430319214078
9463,0.7474027428176955
9083,0.20607160617871523
7178,0.26418918019701276
7405,0.06057317164649323
8389,0.6783590780506449
8149,0.5196500025944031
7825,0.42600890171323524
9857,0.4620752622507537
9735,0.6034310096699392
8906,0.7379326571300789
9695,0.2531139057249785
7637,0.9828343116221431
8313,0.8451399938589997
8705,0.6084022030443782
8268,0.20541042985625702
8948,0.2984693367714992
9552,0.7925870427054124
8708,0.3977739838722212
8546,0.1933730191882833
7773,0.45759530767629086
9704,0.5703551976637686
7453,0.10135721554215793
8488,0.03692105418615521
9366,0.26449729937797206
8497,0.5271475912369108
9442,0.5333795569996158
9241,0.8486238880212424
9719,0.33662609777918484
8041,0.04778044607355625
9044,0.8167501816206844
8508,0.2609523250743976
9610,0.029450880036826388
7374,0.749267721414355
9154,0.011103657793992694
7967,0.7713423552418672
8504,0.021070994414160826
9608,0.2637241107706526
8119,0.894345809237188
7093,0.5985496333328271
9353,0.9214381524340909
7516,0.788474765754589
8652,0.8383338543930058
7091,0.3319864342672928
9643,0.31744236174645835
7574,0.26619977167680897
9477,0.6064172396501045
8845,0.17232074560111998
9151,0.3198633503095748
8544,0.9699420005670214
9655,0.04580058459649472
9941,0.5497159491101455
7668,0.8532535672028992
9431,0.9492186932920331
8570,0.9219689759671686
9795,0.2792870429818657
8042,0.9109248293041252
7719,0.7002527843361909
7703,0.0036987628048364973
8211,0.8931314130256588
9768,0.4204201022133267
8040,0.6368137711707743
8451,0.562744735133177
8318,0.297407895984909
7834,0.4749603632515169
8720,0.27729821518257414
7660,0.5991999176937018
8100,0.625879820388741
7362,0.6996176761092526
8701,0.7738452555839825
7229,0.01977581796650507
8182,0.795692079771856
7958,0.6533903626720239
9653,0.6765458650581296
9452,0.724259655231791
8376,0.9929304021045966
7585,0.11209781651699002
9137,0.5923758619637651
7440,0.29736910880719214
8038,0.8763706417446041
9358,0.946528742505465
8067,0.047564917415097274
7877,0.1321658072057359
8566,0.7273449007562559
9126,0.38698096209436306
7104,0.9160246727427428
7523,0.42020476789445693
8930,0.4471799670759411
9383,0.46083944120550624
7003,0.7805940532483855
9811,0.324470243660972
8645,0.9366142630427765
7036,0.22915721924159205
7772,0.46766137580586775
7289,0.2876694794468021
7055,0.06988007789078421
9782,0.5277104983135184
7397,0.534281975953016
6970,0.9028209227474554
9747,0.7767430724695048
8423,0.6962742461167996
9450,0.7560214191473953
9347,0.6804098677219097
8236,0.2999153188678262
8511,0.7756038129368554
9691,0.20230653583000002
8857,0.7674537230991133
9343,0.09533187497021434
9686,0.7661314412875517
9262,0.5431962898190322
8633,0.6501094605836323
8320,0.48636215929693705
9086,0.5414930231602956
9087,0.8522883085470351
7571,0.573644679683727
8408,0.32973434661747514
7940,0.016110884672935755
7612,0.3014222444621527
8085,0.2436734385437732
8993,0.8314490000294849
7057,0.8498870519613324
7276,0.04402868851081854
7820,0.4686783225341946
9040,0.40393843038950883
8769,0.5314815216211022
7638,0.6675097799500183
8798,0.4562147560082359
8187,0.7844400792332352
8221,0.21363524147387014
9293,0.9038077354559272
8852,0.09014313394937867
8534,0.703408622267757
7225,0.039218533296498714
9489,0.44347008471594684
9539,0.4745383661009088
9554,0.07843100489491461
9179,0.4745308349869253
8778,0.2478847878116901
8983,0.3704320885566842
9230,0.8098597220452356
9520,0.49306558584914506
7290,0.4615048145909796
7538,0.3099495387337966
9834,0.6815107523785218
8456,0.8164687421843156
8729,0.12434929239232306
9329,0.8701924414068538
8341,0.2737389824856702
8104,0.9717094305414165
9287,0.6487234403101242
9600,0.24198355693229445
8016,0.8820464997952492
8407,0.05959585840506754
8122,0.606692512300239
9577,0.7535243827132011
8325,0.4301788505851202
8202,0.2457088044083442
7633,0.9953040554718487
7044,0.8538373238259411
7901,0.5897924194620621
8817,0.9143184463417692
8469,0.6879764434535447
8865,0.49562636766124857
7329,0.22233944417365048
7881,0.17594842985706427
7334,0.6668082306752622
9892,0.5838615581368324
9810,0.600213978990648
7485,0.859012954918812
7915,0.27610698856394666
7973,0.3651252883700431
8215,0.7389251314140678
8452,0.23976324097262136
9792,0.41444708483519077
9797,0.937331149539826
8335,0.6418418719961252
9572,0.6720255383856115
8932,0.7222512877773976
8910,0.9215153788347235
8556,0.9060971724287676
7804,0.08985813481387006
9333,0.12646326765568439
9467,0.723108452244243
9076,0.5382944783825097
8999,0.03562618767038728
8557,0.47138409878971066
7988,0.07403731741025243
7378,0.5903870076805731
7524,0.9329144165776692
7436,0.14514712635020977
9194,0.21521755861101965
8621,0.9375314554733041
8909,0.8926193095194341
8071,0.5427564271537126
8021,0.3403151307622422
7769,0.5937653155298822
9550,0.1711570777258773
7420,0.9695094834594559
7200,0.4587202616818944
7811,0.4784058987131591
7643,0.5546626044611204
8742,0.06501654036519167
9057,0.9309572560428334
7987,0.7456199704163126
7317,0.9929529231896075
7102,0.06749969750791995
8254,0.4073153649702027
7519,0.18104502636054443
9895,0.7161202043918656
8274,0.5519325629129229
7674,0.43380611785878387
9819,0.5601232395476728
8003,0.9380712871774869
7564,0.6630496387395292
7491,0.10923468443699125
9351,0.38642812869260645
8907,0.9440770413837003
7297,0.3688023706050336
7948,0.7211663985631771
8859,0.27289816731755523
9638,0.9123529377686775
7887,0.38308717480789944
8574,0.0332869115704274
8239,0.46890685633273044
9694,0.38615270138723023
8373,0.04422826898957444
7408,0.22149774166224423
9932,0.5496531249335889
8529,0.04084927621944234
8896,0.3999286722663492
8007,0.80594193757817
8586,0.4905482951429848
8076,0.8097447852320794
7775,0.39592871050314005
8053,0.42162647995752056
8238,0.9573400980031653
9157,0.1891629614022322
7069,0.0936864129364644
8352,0.18581346162046242
9261,0.10901282876022
7500,0.5417606967382033
7304,0.3037792444701948
8066,0.027889886700207422
9698,0.9944847462300542
9743,0.2174159570682883
8468,0.9889033852052747
9396,0.565452267129771
8597,0.1742568190758682
9824,0.7497400573456239
7338,0.35500200577278307
9553,0.3418278130701822
9525,0.06696877226935694
7650,0.003970729175334031
9072,0.35319689151398515
9745,0.9517984856155868
8901,0.9672791473612762
9832,0.7221038325960807
9409,0.7586298243395134
8324,0.7403661713186478
6967,0.034172295623368765
9225,0.3500215454947482
7626,0.17086491921423674
9781,0.4863290821713422
9019,0.7459839536091095
8625,0.38645712885577643
8958,0.043411742182878466
8994,0.8177579545776085
8772,0.8026776099878018
9512,0.08865904617334763
8369,0.15443237324640235
8688,0.3182981978941736
9355,0.30391598034794387
8302,0.2533349895285846
9776,0.2937217254147868
8918,0.5246459748234906
9754,0.54266413360025
7544,0.5478763842807631
9571,0.48176257588417504
7280,0.34555617717983245
9676,0.5104676645303654
7299,0.5456031551654554
7693,0.555697016244408
8751,0.2913035909547521
8600,0.19815776319970468
8132,0.5095632403366281
8152,0.256967795582176
8572,0.7460989707640936
7310,0.7954043893891554
8480,0.20822925318732954
7038,0.10909117166655469
8034,0.7995310890964699
7244,0.9128948159870199
7972,0.8506529600949282
7866,0.14307963014256841
8130,0.7132136108341011
7332,0.920220836182788
8044,0.6997739495915561
8322,0.5176234740045269
9271,0.8256479305309603
8297,0.581638808993082
7014,0.12143754452237598
8767,0.2695090293958655
8316,0.36647335546739224
9943,0.8418954406449249
9249,0.09779944204753122
7630,0.20005899040575925
9472,0.6436247575745679
9094,0.15907663783390147
7169,0.04183256452882922
7415,0.42465829250458165
8015,0.05456647393304015
8077,0.3578745126044217
8459,0.9112480601566975
9481,0.2857222044811789
9107,0.5868862637450045
9536,0.039819359707150004
7741,0.08643940129557814
9574,0.46821034320071564
7738,0.9789216573836915
7735,0.5641156824112691
8168,0.47636191928929983
7795,0.7643606723804349
9275,0.9799435944473424
9701,0.4524690747887343
9579,0.4041200151923905
7306,0.035410082452714375
8466,0.2906678512622004
9651,0.38575953433492716
8372,0.6775577110904167
9251,0.9884364680299109
7991,0.9592786633052477
9875,0.5695634476120329
8181,0.4365296510104858
7902,0.9013090451182815
8482,0.41953783575954906
8498,0.5956563765402636
7932,0.7959366235817211
7586,0.5747114872207084
9175,0.9592950721205346
7555,0.6392299369737298
9216,0.28973502927194306
8686,0.040239634859360995
8109,0.4849714441847076
7153,0.8406067821372206
8908,0.209482449800386
7910,0.2993663795857211
8578,0.7703234584645346
8968,0.5625528069950104
8601,0.1714286085766067
7023,0.3612269241155617
9763,0.5095684913780276
6993,0.5166577235992029
9921,0.7409995262305065
7480,0.4030055358606306
8940,0.9916018886986686
8114,0.05973971596319405
9207,0.16403860736928777
7419,0.859295055496764
7099,0.24963513726741537
8166,0.2311735267979842
9856,0.3123320638453554
9416,0.2034471487484002
8690,0.06835633406892971
8507,0.5271609429392036
8764,0.6391023389606513
7267,0.0939000582193984
7007,0.3618084108497339
8064,0.877888282537109
7740,0.06317965677367943
7634,0.6226344103055074
9873,0.722424990695709
7422,0.7918704821099922
7048,0.5241709204811495
9654,0.8156727228389764
7861,0.6521831628824921
7401,0.12494482202592572
9131,0.7781170829469185
9163,0.9651789571023968
9670,0.933398026820582
7358,0.49472550650584846
7433,0.581189135210586
7040,0.9859735265052229
7139,0.9039264132620346
7318,0.08839468296657271
8263,0.8904879093773687
7303,0.1834019022807939
9492,0.9727064483031169
9150,0.12120983287034592
8087,0.39950153482048434
9847,0.4598917993467584
8298,0.452643392233686
9010,0.8620559683210081
8484,0.24577312382075733
9947,0.9291185100146949
8611,0.47287788101967576
8437,0.9893930924292543
8148,0.7131950733899786
7428,0.34978341549050695
8739,0.9960325619366072
7271,0.011325745952011745
7445,0.41290304861649607
7661,0.5425964236979813
8486,0.7132275806357702
7118,0.01690164562259966
7173,0.7271389916299796
9544,0.9323465833538236
8101,0.437624267403933
7867,0.4101383416326879
8858,0.13090666777885895
7583,0.03488295572399025
7045,0.9526295348400562
9301,0.13344656691237067
9850,0.493542981202589
7874,0.9842650205213477
9016,0.7617929743313002
8029,0.7713672272861317
9803,0.38285127192711077
7509,0.20269615363658755
7261,0.042084968172689696
8812,0.35783428662947536
7537,0.8430025505654416
9808,0.33439839580810526
9696,0.6074123001809164
7187,0.07229395824357088
8702,0.6851491812492181
8841,0.6240461457966201
7305,0.41146541594286723
9245,0.10494388184157721
7090,0.6796310489919325
7217,0.274308368294613
8235,0.15928638453938837
7308,0.8413794287465218
7294,0.4125716545902798
8919,0.3149715593866973
9470,0.1332989087341917
7778,0.32498002757394495
9427,0.49479370778187537
7109,0.5457087757227358
9915,0.2290272833065249
7908,0.463145022289284
8356,0.327439847338708
8855,0.9787553193391507
7959,0.29544112295674896
8173,0.2821323736438788
9200,0.18066907940534338
7679,0.10997518753320645
7349,0.9316708802947399
7839,0.057309644892893474
8815,0.6703303559872021
8833,0.7134499033044475
7277,0.8821884923240557
7757,0.7883487287739708
6965,0.785578860944719
8496,0.47225679176540447
7148,0.5896478969611584
8093,0.6593713434469829
9508,0.4334966128680837
9592,0.40026875939629314
8967,0.28818158575371966
9774,0.9293258533335036
9542,0.9443007511292889
9499,0.009753607677981502
8583,0.4392529183787336
9004,0.2522576958717143
9531,0.06558323961814894
7080,0.5356987272082018
7067,0.47455359439624
9441,0.1998832553529003
7706,0.26536242821296385
9316,0.26030834208715237
8794,0.5310707440286113
7860,0.5522460566392366
7423,0.41972360614100457
7461,0.9588049550092098
7448,0.41055058631360586
9777,0.6472959103540233
7068,0.2134274775178967
9034,0.1783526805812764
9854,0.7160651933681469
7718,0.7620371048154768
7777,0.14750588149327726
8462,0.13886810215761713
9926,0.2639547828812637
7743,0.28191161656973385
9401,0.27801726442069863
9569,0.48346719645749736
9018,0.5643590763267221
9039,0.5559829009046576
7760,0.4752158579430351
9084,0.8810319995115408
8577,0.6081955824200928
7376,0.625061816292334
9091,0.6096305004207508
8209,0.12078390589510901
8359,0.7161736001000001
9495,0.7894678937301682
8826,0.760269403527971
8432,0.38345087252332954
7493,0.1532776735464101
6992,0.23434022382976816
9384,0.023950585269961078
7736,0.9718425780437574
8489,0.5474975317080119
7748,0.21776302548660054
8510,0.6821484336705752
8747,0.9322061055343138
8205,0.9194491221858303
7619,0.9466164907351489
9675,0.2442387426111986
8933,0.8589969602231976
8061,0.42764038710316876
8801,0.933112190514897
7983,0.9272478352997632
9237,0.49018292609525016
6978,0.6747344095213226
9387,0.0637676103876893
8426,0.252421910105204
8146,0.3750874402633907
6968,0.7263071124604152
6955,0.7365653837884008
7714,0.6613215433445353
7807,0.4886523473464167
8234,0.8305706869243309
8979,0.5352328378691957
9276,0.41636669518120617
9208,0.2307953672444517
8808,0.9820562446859984
8249,0.2866142880986494
8706,0.07159539509328561
7664,0.2537867283784062
8591,0.6422377859115037
8129,0.5435960249346591
9192,0.39379174864460764
9130,0.5586100610275807
8478,0.3323606882694994
8610,0.7990255456389016
7005,0.8230697940130004
8479,0.25117037726605795
8499,0.5836594359958187
9534,0.08663604063044583
7700,0.49170748924672936
7624,0.7289000084071342
8549,0.5084161217205198
7331,0.30639648188294033
9402,0.03442623062099559
8894,0.3168019370355529
9420,0.3274905807355516
7456,0.21093260527059987
8987,0.7926253210402985
8533,0.06399767399737699
9367,0.6717949203238914
7365,0.574290811713667
9705,0.43345275295381946
8433,0.9384584973789126
8411,0.9921308322454047
9800,0.3264674085858119
7188,0.016143544085964412
7651,0.8605925944530279
7072,0.9451618184578785
8010,0.5905389127236836
8186,0.18923776462680175
9180,0.951585094319731
7937,0.6781306737822806
7755,0.20887969132803452
8848,0.19057073670153513
8214,0.39063223844595074
8802,0.2518607216086649
8266,0.33592828904723493
8096,0.05533427080336173
7264,0.7566386424442849
7956,0.5780107984947412
8642,0.3392627671572308
6971,0.08590864393087871
9110,0.8927742100251037
8403,0.9164151840052164
9005,0.26098457560653365
9910,0.1838253913707253
7323,0.1982455806270088
7520,0.7196633962726734
9317,0.7906168910310055
9199,0.4574377839569661
7223,0.6919995181829667
7534,0.93811007968275
8744,0.671186246424263
7249,0.8591597284408257
8349,0.8803093837061681
7391,0.9133014914303579
9146,0.22984334140363039
7106,0.3581723616647918
9731,0.9753489843829896
8887,0.5336401016640425
7582,0.3021950429214413
7253,0.8652129320179852
7763,0.5019599633100289
9025,0.045501904564340334
7141,0.6310520102866612
8941,0.35182114873830217
8937,0.1665514376561663
7785,0.16661648874514057
7974,0.3273041886919299
9098,0.5892599621964039
8693,0.3675387356513149
7321,0.3450349122262746
9181,0.43696837092473406
9888,0.12384494783458566
7590,0.9871002336547491
9849,0.9078094347164721
7542,0.44711012183088716
8587,0.08241707187218372
9773,0.93044864514131
8172,0.21495463156147543
7140,0.6584361423902602
7889,0.21405786427010387
9725,0.20939765836960256
7214,0.7401288099236685
8603,0.04229591141468603
7580,0.8572401111738442
9274,0.1232319644554819
7094,0.44366690210754034
7916,0.783261707016474
6999,0.17246162899906214
7221,0.30486473598402497
9234,0.048452002195678245
7151,0.6678282076613054
7192,0.6244488536102101
9139,0.2655615536317416
7460,0.7986776872155799
9265,0.654859394826591
7640,0.6130700125711344
8614,0.9520058531223715
9476,0.9444884491303667
7786,0.1504899007798064
7160,0.08228885214168735
7006,0.5436555012835178
9048,0.9120927796197221
9184,0.8482194657002577
9093,0.45689557399688074
8842,0.07950560802021678
7543,0.7832469464503258
8045,0.36024883200636226
7077,0.8359816365368732
9298,0.1206551785667892
7783,0.25346106565908644
9633,0.18510021373798158
9112,0.0402952816202371
7446,0.2482524241440751
9714,0.6659747924972845
9702,0.4904815899292059
7127,0.27763590891391887
7009,0.5303759801395103
8554,0.00781730061565411
7247,0.9317652729986419
7295,0.03117492594789173
8851,0.06605073109842108
9900,0.07581991825315193
8559,0.8651856540249508
9474,0.6945596684274492
9281,0.5616298259382118
9228,0.7190174016632216
7138,0.8242655795932132
8513,0.8892496397633836
7892,0.5530497903324586
7944,0.7611646661079442
9457,0.3641986363070382
9113,0.0919823243535055
9169,0.49669424451510724
9471,0.2839336946116032
7490,0.1893341258993112
7147,0.8801699656553336
6973,0.8392810923715271
7745,0.7103917026664486
7918,0.4797320899482548
8330,0.4329162348370139
7818,0.5301531585097445
8424,0.7461198585679215
9739,0.4852530761134324
9903,0.1336593285281441
7793,0.7647140892699299
8629,0.37944924917979406
9296,0.734885074996845
8128,0.39372528793013395
7939,0.9785345110710758
9394,0.8495419714470519
9101,0.6861145324562308
9161,0.7419609582295006
8792,0.7186498849992787
8131,0.8033326198951438
8160,0.7894395833741166
9369,0.45452007963855956
7161,0.8929339922486836
7063,0.5473047738445942
9605,0.4790659113287503
7471,0.6350209881211227
7723,0.3563854245103635
7257,0.614099546355067
7989,0.7457787431404387
9438,0.3541107985220975
9498,0.16387917686810305
8972,0.13065592282882443
7089,0.8535066619323455
8658,0.31024843974225946
7976,0.5927805867765165
9628,0.8533597862566888
7198,0.6847792301274013
7342,0.4258169254450296
8777,0.9401609290143842
7328,0.16980339529029143
8995,0.8512809429172229
8537,0.44815716260805627
9435,0.6770377362813754
7432,0.6431682692697048
9503,0.1622138480023657
9587,0.9868309624505993
8311,0.9941495904983758
7155,0.4057117120161753
8672,0.8286912072116321
7496,0.6241681480060249
6964,0.02264372667624326
8538,0.5127812081799046
9078,0.46210558614063346
8996,0.16470084541606944
8681,0.41393743081996814
9623,0.5733178810495098
8095,0.4418216861013101
9186,0.6411210120162544
9127,0.5167962500285842
7478,0.732258009842468
7799,0.3445784666167384
9123,0.12438295680471068
8461,0.0004631593853897664
7065,0.47136568231897313
8175,0.7368748804045232
7865,0.47667006410610313
7838,0.4354558166055057
9250,0.6108014626014191
8365,0.5725292570698007
7284,0.2453293537476957
8532,0.5933209349044344
7845,0.02430454670264459
9582,0.6616510237181839
8065,0.7309393353335759
8766,0.6931489445185794
8054,0.5848126260495423
7165,0.07416112055902069
8691,0.20969993192841974
8290,0.16191703548098835
9805,0.2696274452140668
9213,0.789684715420669
8493,0.7108159044205165
8267,0.13502431853443442
7246,0.9667872362878706
9458,0.83047659463215
8553,0.7409318749539372
7876,0.27763073617329237
7827,0.40123616464974354
6981,0.3584823897314888
7563,0.6330232826930764
9718,0.22071490367353785
9595,0.7561083850477828
9706,0.1262231013895071
8982,0.23275598106061346
7412,0.24725235789227162
7539,0.5514226342580838
9791,0.8825620941041148
8358,0.5977221218347551
9160,0.8539315194991335
8147,0.375356256698826
8385,0.7969660384352036
8545,0.5728253528412716
7474,0.9645339359197421
8392,0.4603555261082515
7177,0.039712589170565304
8427,0.8607901097800211
7340,0.9916264250541776
9212,0.7016623632160723
9823,0.00027826523379903545
7567,0.9955146533137068
7912,0.6544824197902849
7421,0.10666701618370678
7982,0.827469521607622
9377,0.35278662058141785
7993,0.24687556569978364
7822,0.9670983304754556
8746,0.729129755662456
7708,0.026458334243288695
7715,0.22065642123514173
7903,0.46867270528735117
8285,0.9658840242290848
8436,0.5845288343070947
8348,0.6780511676166677
9804,0.41672140158501036
9138,0.8070123264540588
7426,0.1470494298037982
8552,0.9839740717971273
8867,0.7371305138315956
9767,0.495482224880759
7145,0.0631478957274092
7971,0.5413621888271972
8228,0.8355177353253251
8370,0.8465018669840697
9860,0.4564003093065385
7999,0.6977444144700793
7078,0.9437255829348167
9821,0.05034769362894642
8775,0.47626177353697574
7013,0.9490986580822065
7725,0.8416698795407189
7382,0.234024529214796
7522,0.38670545776352394
9916,0.2646648591004358
9349,0.3656669621912928
8711,0.6827531113501484
7768,0.4333929636571934
8417,0.2096827904859203
9428,0.12319357659659003
8961,0.6045019900386415
9109,0.04583148093490497
8189,0.5383350703333182
7442,0.9861805442911133
8233,0.12127842865603855
7039,0.4489920302901962
9462,0.1599262540029699
7884,0.22572453552844685
9807,0.9275520071394887
8665,0.9741266463521651
7425,0.2946889345287259
7030,0.8478047530249108
7596,0.8349989473151592
9133,0.049689752596510206
9423,0.014519443085254102
8789,0.8711391453042144
9209,0.8796927642085199
9153,0.9979222897720149
9097,0.570526777017766
9223,0.33781142942775755
9882,0.005924693973144768
6958,0.17894620184565668
9884,0.9368172125921386
7826,0.2090151236448503
8026,0.870633230622491
9125,0.927743770164102
9174,0.9801268020545216
8805,0.45999217722016594
9769,0.39637435487310946
9871,0.32298247145589354
9780,0.26853773298116523
7031,0.5645157808485106
9576,0.8863181168755534
7870,0.06438046993988533
9253,0.12617564589947117
8183,0.993137924343965
7629,0.44245961047524507
8780,0.8503546492925779
8946,0.7957487108541627
8203,0.9874022988211721
8490,0.9547945635151129
7816,0.8135154973192437
9864,0.39922592083846253
8222,0.937751244530489
7921,0.6383613326267804
8176,0.2182248400689747
7605,0.1483820491732264
8422,0.5387911939803466
8505,0.1350464168826101
9390,0.4446323303066504
8294,0.16272052350044053
7949,0.577039153438509
8881,0.9889033952395726
8180,0.13593291194361956
8639,0.9310972507379747
8735,0.009955241422943018
7152,0.8482332774072537
7316,0.5348440136662689
8435,0.5236567535192277
8716,0.8055914818206077
7162,0.9800724722328379
8420,0.862590247815955
7721,0.9351574330933233
8687,0.14855044158720898
9302,0.6038174827980781
7653,0.8549027977190822
9236,0.7409170542026947
9692,0.23026047502787117
8220,0.25248065770583383
7923,0.9625714586724134
7565,0.6100198713319493
9106,0.17204060268896837
7963,0.45159583797110237
9189,0.9985347635927163
7477,0.9379394072888982
6963,0.1979377667791996
9479,0.1184920674514458
8576,0.39113109195419526
7368,0.12279965251213132
9563,0.454424627677956
9709,0.34486475371214687
7907,0.237993077078833
8017,0.3033883077554351
8811,0.27919690522642593
9433,0.10875611331278467
8444,0.7749210206653862
9724,0.9176394733891144
8563,0.9997699470090644
7893,0.29541126615259006
9720,0.00853607456888228
7215,0.8040823689404506
7122,0.03509963351639389
7183,0.7706407975029672
7113,0.8895848816001672
9726,0.5495344523947254
9231,0.2407293820594022
8111,0.5504422500717361
8627,0.2528852661848212
9309,0.6154631498190976
7525,0.8788028549354823
7829,0.7528038786885854
7146,0.2530187210136208
9666,0.09625010937446943
7953,0.678102115257893
8626,0.7081029566098848
8049,0.5993845207731229
8934,0.9711237558971105
9291,0.1851691667556029
8783,0.7892893989513148
8874,0.7008156000079757
8393,0.9302423960147994
8757,0.505996418204462
7064,0.7000824577816648
8526,0.990313682433389
7593,0.5760792188716762
8035,0.38331681802179707
7689,0.11444000464346671
9020,0.8088364246567539
9104,0.36759029595844983
8669,0.15330609971165754
8191,0.696943585714283
6977,0.812710762887418
8092,0.7209686828516446
9414,0.1604002729309526
7001,0.48896347658580863
7313,0.43542959028564854
8890,0.15808607403204844
8300,0.8795697882023616
7375,0.9706728672198958
8768,0.4105322680740574
7324,0.4332839639101842
8923,0.69662424349244
9064,0.6625695905603983
9326,0.9339642839430707
7366,0.6873701665797992
9070,0.797321470493493
8800,0.1666982997146289
9391,0.4171357089103893
7117,0.1883161688701085
8401,0.6506206225397257
7348,0.3949556291515205
8177,0.3739332479142359
7716,0.017144395010810665
8230,0.9888409363782213
8849,0.7732399667236678
9862,0.041398126545047376
9443,0.04210680555515034
9530,0.12756445839218478
9931,0.687871798115376
7578,0.977430685962641
8073,0.26772467534054556
8512,0.2512329765626454
7627,0.4917031679352005
9273,0.14061538624703507
9314,0.6787401062900449
7614,0.5597429728283642
8598,0.9249177699046952
9744,0.25304353205136143
9421,0.5409193044579814
7105,0.09678452847462027
8083,0.9286694869598638
8926,0.8292282830980878
7240,0.9910108787681481
8190,0.09539269578778742
7823,0.7802808551872404
7998,0.8702820758544662
7682,0.39073115473599107
7170,0.9914917516086068
7216,0.8617841598516754
7675,0.3292625931733888
9243,0.42930012248642546
9425,0.03583133274699846
8014,0.061136465304679644
9155,0.45485806362518155
9511,0.48266412236231304
9913,0.6287282391495161
9085,0.36816532109465716
7312,0.6067610731582094
9006,0.8581979868777961
9507,0.5019250130258028
7791,0.602946675907549
8935,0.5207261922233193
7086,0.7763923340493325
7085,0.06120697871403147
9533,0.8509191633074215
8685,0.9666409906600136
8229,0.4387552918129055
9219,0.3749790383586651
9681,0.5181502159363716
9677,0.264434392030945
7858,0.5646868509993875
8390,0.4662205828778614
8019,0.41963890268074067
8485,0.48651078157422223
8449,0.1721868956169893
9546,0.20008037251843158
9132,0.47287773867484406
9934,0.4863462015042068
9058,0.594549087008937
7615,0.9950601461615038
8724,0.11578984112186375
9484,0.6700391451622874
8009,0.7687123150501105
7934,0.7729209901601426
8838,0.8288969736381795
9410,0.6047007906933949
8088,0.23292648633387247
7202,0.4339521218121546
9415,0.5036825353779112
8354,0.5278328378253554
8561,0.7805969804251603
7213,0.7701854908313371
7951,0.9792694864883591
8575,0.8975322242633162
9376,0.9958914226359078
9496,0.017317256871534847
7407,0.1840447192061806
8770,0.8954922703917065
8644,0.8843765408666457
9923,0.9125681687789449
8345,0.16731421182881678
9023,0.8251806838536848
9218,0.10377870206263129
9523,0.8425976392595643
7566,0.6816918297773972
9348,0.5898033061126389
9590,0.7316739678692811
8126,0.7601918509692608
9927,0.490205465821117
9090,0.004637446524125566
8315,0.7124222267374398
7681,0.6104776747707042
7559,0.37515758511015074
8803,0.34459544583851365
7710,0.8509598460266014
8921,0.21436380333381944
8952,0.5419433966972145
7484,0.336603708892535
7424,0.8696230343879647
8567,0.62664060069481
9861,0.2208208548643229
7685,0.7901765030281994
8105,0.14080284201879978
8846,0.08192858005035453
7698,0.4408509275676763
7475,0.004505910302177729
7209,0.21015441104844412
9904,0.7393237943951668
9459,0.49424971841496546
8723,0.6773864607543573
7759,0.34562410759874684
9551,0.8604153235945288
9350,0.450915331254358
9103,0.46941339484576305
8782,0.8116351096192094
8528,0.27293984429964147
9059,0.10071355514459823
7667,0.8539344047774895
7941,0.10760041323308878
7275,0.40004520331975857
8295,0.03963601701861175
8830,0.40977297262834533
7891,0.844055188763005
8962,0.4894556010471365
9938,0.6921687149294579
8375,0.793542918598295
7186,0.8730947428401692
7205,0.19137675621956562
7890,0.4677088661449228
7695,0.6174171808697412
8012,0.6008661137802628
8382,0.05270284279079007
7283,0.3315014353958461
7942,0.6375135715845535
9738,0.22655520330128898
7390,0.5167066357340228
9277,0.573981622886773
9372,0.27196067766890464
8357,0.8657855071906028
9022,0.9792136924297316
9878,0.1389194885817545
8854,0.19071335899416508
9012,0.9685283174532293
7028,0.7249073881349419
7406,0.4940101746665704
8158,0.15842513696856442
9918,0.20789433528676926
7549,0.502860705889559
7119,0.9235247828809906
8594,0.41787657792969446
8558,0.9010374577654936
9071,0.3277091948577101
7645,0.6702991234441773
9043,0.48090283589610816
7873,0.11815075545819542
8094,0.8336948316425102
9887,0.47576700991358833
8920,0.3330564860758959
7131,0.9121449248753258
9640,0.18547198371014706
9114,0.15758743532688713
9929,0.12317814035451702
8822,0.09628095794371716
9411,0.7240743990270254
8674,0.8242304646959983
7121,0.35351111901680066
8207,0.9400604915407412
9639,0.22251332924318967
9374,0.7911685713208962
6994,0.32443197036620575
8388,0.24717339635025137
8008,0.9501010358161325
7369,0.5268400828525418
9280,0.5491737080350079
9822,0.6778406091222142
8056,0.6057582738125159
8788,0.2533679398698736
9327,0.34295141976857735
9364,0.17743924486884044
8250,0.663687788321183
9356,0.43155540111629254
8678,0.45369726676738864
9080,0.7387084982359035
8620,0.2931899927365401
9099,0.48348524204734555
7462,0.7273913387567489
7259,0.5990016001063574
9652,0.9294576252834925
7979,0.4908795509811501
9841,0.19924623255934992
9448,0.7322592618614105
9108,0.22885590789827548
9187,0.477271266288806
8323,0.755853582360621
8004,0.5923434114887225
9593,0.8585470929622246
9886,0.8719285033131627
9518,0.5735488830160697
7458,0.7557119757410531
8977,0.7438049903320232
9717,0.4649946294416196
7591,0.6696263184340346
8106,0.4940283957613857
9338,0.7664639728917084
7034,0.2136568582920162
9062,0.8292447468330504
7666,0.92002140098672
9046,0.013873691114095088
8464,0.12672846931362436
9594,0.8688691142746093
7149,0.9991714990168878
9095,0.46472298981102156
9917,0.7972891532096548
8418,0.8859344220102751
8668,0.5960260869688347
7107,0.45002834495550337
9315,0.32914635571256823
7156,0.3147883450438398
9156,0.1087110258113847
7082,0.9867224856578407
8279,0.09577700253546129
7957,0.9077160411067858
9339,0.08634031719719182
8903,0.631623151367702
8893,0.7136638374546007
8163,0.7019077615439161
9122,0.47232747196651514
8638,0.8688396985389188
8579,0.3929005606230753
9077,0.4351082369431828
8153,0.41304247622467927
8460,0.5830538880527566
8878,0.9820973435582216
9008,0.4668162873913563
8154,0.820450573895635
9789,0.8923622978710483
8135,0.5418467399384236
9806,0.23271316239056994
8564,0.5948428700247678
7414,0.6764111326508855
9567,0.8097909313699252
7896,0.22054989185460006
8178,0.7292711271859182
8986,0.17006224544952553
9787,0.4487258917690877
9710,0.731578020675093
9074,0.020071389238734527
8773,0.936965109158589
7727,0.13752923347682422
8615,0.06346424358652569
8059,0.3950507248857832
9933,0.4689160367417212
9168,0.9352482166725552
7159,0.3101472378952246
8198,0.8711424842965392
7635,0.5808860507845471
9232,0.8217920711907599
7927,0.07525298435961525
8070,0.7634768850246869
7922,0.7895888660316768
8836,0.07076215358114979
9812,0.8895503682988671
7010,0.6877687281916254
7351,0.7933253953085753
9360,0.5956325126998141
9583,0.4002834415661908
9526,0.14571888589512738
9307,0.7106739607947351
9689,0.06600196584105711
9568,0.6348454481967597
8503,0.6379680885262597
9766,0.9466341175982627
7909,0.9162233750209574
9166,0.2554989760981874
8074,0.5197951932897977
7618,0.9961557260354907
8659,0.6025586707052266
7393,0.7761786656917945
8749,0.014846216647116939
6979,0.36901364880936105
8162,0.006435066546034429
7172,0.8727581250291414
8458,0.9202397787995643
8278,0.8801729837721879
8060,0.49905305686263923
9270,0.8465771897009869
9556,0.7480822935447682
8698,0.22328962449436762
7592,0.04628887777787283
8809,0.7751344145662475
8409,0.51507918121262
9606,0.2785165401089089
7381,0.9997003068802568
8491,0.442290033912089
7193,0.614563616366534
8656,0.9109520942174315
8799,0.08560548315470862
8127,0.44540274086872333
9889,0.1375578184151819
7357,0.41030819111313666
7864,0.8569239560934351
8252,0.9459134436541656
8793,0.8998107586739553
9945,0.5989616923164971
7494,0.6692687793768162
8405,0.4299875968965875
9588,0.31805470810789427
8807,0.6648667178071827
8976,0.560195149393692
9483,0.7279254457236422
8868,0.47950714198768707
8455,0.9808263540582263
9346,0.5454968925316386
7761,0.9386050670876543
9188,0.8636660948168363
9313,0.7212596195642856
8150,0.5486799272509943
8582,0.757941012594629
7074,0.02662117743712278
7844,0.23897682413202703
9555,0.48239501038076116
8864,0.6442055922865195
9305,0.9290285425262037
8167,0.4807290050857961
7683,0.05816456435465345
8124,0.24694623332093213
7395,0.5134645621696681
9286,0.7791298695810546
8624,0.8346353295696627
7402,0.9469207735430859
7732,0.21947444971537733
9684,0.4796074539335311
9447,0.3849492427877239
8824,0.8674243868112623
8984,0.845705048975951
7410,0.12704704715088355
9707,0.4261577686711575
7931,0.9329982128602307
7946,0.7051237062485161
9171,0.6015807761574402
9379,0.2506725958453242
7311,0.6303524875183047
7242,0.971491280300417
8847,0.151561394975549
9790,0.8274417641069745
9424,0.060271318933886375
8509,0.05967564521791824
9909,0.9089491909498959
7917,0.13777804248546854
9674,0.9072433672777288
9054,0.12595857015935474
9924,0.8165116721314618
8494,0.12010327196818693
9050,0.18746370222921682
7388,0.04551744292862692
9190,0.50235503890436
8974,0.10731722574924996
9657,0.2227688301397288
8604,0.22350277570153754
9334,0.3218234307559594
9303,0.9837981214697906
8381,0.6800913486259996
8905,0.8277374777064949
8027,0.19836128073170056
9248,0.2563170954739836
7129,0.15404559366381054
7504,0.12008251347862886
9465,0.20934661353636363
9636,0.15079934022498787
7803,0.9313309058124153
8145,0.5728490548194728
9033,0.8678428821285588
8328,0.808378477280498
7100,0.6644357513605289
8379,0.5500553122343643
8654,0.4136814139567443
9601,0.32013917703804784
9762,0.031270270431576375
7600,0.7742344604710143
8814,0.30422521396607194
9255,0.4452300254890432
9836,0.2350006912163568
9925,0.8076920840799331
7929,0.9284544779089667
7920,0.42068791200723465
7203,0.7204322738264199
9480,0.8350222612922295
9842,0.5193931249626689
9485,0.8331202876836076
8675,0.42026716782098006
7875,0.12286960614074138
7449,0.7109306252081401
8734,0.5696277708474455
7008,0.7236022793139788
7545,0.9849635273195985
8694,0.05963103873813824
9543,0.6407310759478223
8963,0.7939490394690767
9835,0.2711712915151493
7771,0.16252760103258634
7945,0.42583218794063027
7882,0.8823529882478085
9143,0.029324270017786036
8283,0.44069104931868874
7101,0.434677628468358
7813,0.5727269530234863
7333,0.0695951558723944
9815,0.6162244602755987
8024,0.0789260667434023
8380,0.6404762794469618
6998,0.18835029245301615
8714,0.5944078105039221
8524,0.9496914130854476
7250,0.07791321294047171
9304,0.9595754440342674
8608,0.22424564646660405
8634,0.3378340352977509
8164,0.8638292385268939
8750,0.7039134778903097
7326,0.736912869668456
8853,0.4784745956255453
7029,0.13102770659207452
7371,0.9187756595817235
7087,0.07487053987061143
9385,0.387847955148271
8006,0.298733765901247
9609,0.37328614552114736
9493,0.3077842220353969
7133,0.14184087839313886
8072,0.9215495791572994
7554,0.12536418509188862
9897,0.8126093087558484
9830,0.26273357639735895
9121,0.4938087136379268
9494,0.3303284631020287
9618,0.5149096319061259
9488,0.10743171627608483
7862,0.964970484369412
9940,0.06365580163476603
8741,0.37332752718910434
7292,0.7347409323711767
8992,0.5193661484003468
9751,0.5772464987749981
9617,0.726827337720603
7228,0.30266441873510963
9859,0.19803134282838775
7243,0.9227395254021704
6989,0.16177910601966916
8284,0.32563247172271315
9412,0.20476799957599567
9732,0.730258398199192
9907,0.21053003141956395
8628,0.17255733011664431
7986,0.7972678216778009
7678,0.35528691845031646
8440,0.9803746422756169
9235,0.17252727681728042
6966,0.5242034207982664
9785,0.9967465479734854
7836,0.985842951800293
7355,0.8778107392206008
7182,0.3173493356290351
8924,0.7544730415348976
8709,0.9737703555288251
7968,0.9724948485101345
8442,0.9167319910087859
7517,0.29802596201088105
8360,0.777117699581993
7108,0.5382458571346629
8630,0.2467255093430165
8542,0.1959430522614496
9283,0.4244892484264985
8447,0.08205920783770715
8344,0.5170144761542833
7011,0.16192863742365782
9371,0.8488842441830782
8218,0.6639256171447306
8555,0.6505153842686645
8740,0.7099495203430046
8877,0.6678595906810841
9000,0.7981153520544461
7482,0.8031664131752501
9352,0.6327827022757299
9165,0.32968038022116875
7384,0.9222913233219686
9607,0.6332001336944819
8364,0.7938574346723758
9451,0.9636745404045509
7774,0.053617847379054395
7817,0.019680627550815122
9242,0.6777625216539581
8721,0.9041786774734434
7501,0.5002227235759523
7895,0.5964480641241467
8400,0.2740005261998326
7704,0.4143845344406353
9538,0.9936320684193501
9631,0.9175342705529558
7622,0.5391602444786163
7943,0.0971649391508721
7754,0.3745777106565249
7824,0.10451449166797233
8289,0.7349310673170633
7268,0.6773430968320461
9750,0.1875778671530448
8342,0.17195406613824904
7196,0.1674982301584318
7285,0.9949759240364066
7656,0.6615241512923138
9589,0.12881934900980163
7143,0.4158506046939745
6969,0.6609603591678724
9373,0.4124200727361077
7994,0.22905896116390212
7752,0.7758558280391397
8913,0.9063812198622745
9852,0.652563816029582
8281,0.009465748879594504
7579,0.0361636578831922
8477,0.318904445517288
9868,0.2597204226225017
9497,0.05546531635175378
8863,0.3987749368184803
8159,0.1492644529206778
9260,0.944052703529311
9919,0.1633654288906845
7298,0.24154653659018166
9222,0.4938019832873023
9922,0.6492923724370022
9354,0.6111788062822093
8103,0.2628348146336822
9528,0.06030018255906
9068,0.7713589624134446
9715,0.6193714431797022
7301,0.4679284837801789
8384,0.8262341074991019
8616,0.14629595104228643
7933,0.8281679798724305
9102,0.4227428245397755
6996,0.1070135890391617
7438,0.8868960224691635
7498,0.5055076763650433
9487,0.3068661730318216
7022,0.8908892553577276
7255,0.27752954722557055
8256,0.8369683586855535
7263,0.018575286593632723
8089,0.5335267508800022
8171,0.28043272237921735
8700,0.11002142429196882
8806,0.8972426421164245
8142,0.03529222409289445
9015,0.8875080073880954
6985,0.7448298289267041
8262,0.2985993186598407
8900,0.6882717086882694
9799,0.2417021067578703
8939,0.17912374787539442
8350,0.01273777731066661
7688,0.7749136486276406
9038,0.27250249103137747
7302,0.9790916917202538
7222,0.38650327643445137
8588,0.3040875375136217
7084,0.6541196570264318
8121,0.39908559102789143
9713,0.6705538993074216
8055,0.8863480687651905
9162,0.1816699329713899
9564,0.6797446639638799
7705,0.6680439562524012
8776,0.316791556688241
8883,0.49969042696555577
7416,0.9539196856768428
7975,0.9207531046545423
8244,0.32815193317353064
8317,0.974597068804703
9473,0.6346804397886145
8371,0.7881225487884876
7497,0.30168726518630185
8748,0.8720354969518505
7790,0.49032544196842465
9662,0.1566419745753801
8476,0.650035429350711
8790,0.27618175945802714
9288,0.34098146381449757
9430,0.3861774574784318
9456,0.16609337634205668
9661,0.7658100580819635
9898,0.5227232146226479
9454,0.38908934460299416
9203,0.5081743367331579
7126,0.9465525833904486
9749,0.0008377119367285468
9011,0.023233317666388364
8949,0.8896981845728839
8727,0.23473776267047275
8227,0.8288516818498822
7852,0.7662872074855128
7888,0.8035217201722995
7260,0.8751341885020073
7307,0.6352723414048467
9894,0.1344535004457046
7383,0.34650128039308625
7060,0.04850649945919705
8602,0.44213550667461066
8879,0.16204623054895972
8666,0.9289642830244808
7053,0.19007560163114834
8397,0.8291690941499039
9397,0.5782316445123441
9737,0.6325700060060628
7671,0.8829619575963712
7899,0.8401750292995629
7819,0.6712277758614443
7726,0.13897270873813394
8839,0.3629325236124532
8430,0.5587507854024554
8264,0.3483453280756902
9021,0.6352822776058562
8434,0.6675147920953921
8383,0.24201838619353844
8141,0.5093778643245708
8117,0.9885080991438696
9063,0.14825504577275228
9575,0.3853203357904539
7663,0.42157408402653174
8733,0.3290115809241728
9603,0.08702169574595786
9460,0.17800713832526882
7002,0.9115501905509504
7262,0.34998329096010383
9170,0.06789371937751743
8483,0.7389558649016573
9771,0.581441422192071
8623,0.6137547026071195
9688,0.9410516384878791
9519,0.7135379058752334
8331,0.36525321803587496
8453,0.07814911286397952
8429,0.4698301602299704
8622,0.2677263982754571
8885,0.73303078570888
7722,0.0970813449969099
8985,0.03955168411342014
7965,0.242659543428567
9042,0.3702523281669451
7281,0.3169481382881074
7898,0.5999383442919053
9337,0.7685106776675071
7320,0.9113012486863462
8810,0.16582345944062948
7746,0.19541782097271576
8481,0.30805014064176484
9828,0.341124312519127
8270,0.9740255348369948
8112,0.8538756224306762
8332,0.4110563652621515
8547,0.46331966530330293
7699,0.695017233408149
8445,0.6759753888042938
9541,0.10326544764246393
7770,0.1578395497600471
7575,0.4894226077787641
8031,0.5894635362677967
8882,0.053056562469047996
7665,0.6013683268923841
9482,0.7831539899473632
8730,0.40914530973839947
9393,0.8802513239247964
8677,0.39426892531207536
8194,0.16158144157490872
9853,0.39498678322118674
9716,0.5321038840905772
9833,0.589397266849318
7167,0.8906523454666525
7597,0.0004548060589910641
8022,0.6826848395137324
9029,0.8097369376785376
9522,0.2424633744291389
8351,0.3598839030437847
8862,0.6078892294515515
7533,0.8972245047570824
7801,0.2518188882299499
7540,0.0855319739991548
8301,0.5844577179728755
7833,0.40454578352448867
9950,0.4366554613223922
9282,0.4533759989232462
7814,0.8332816702300828
9678,0.8636675101210887
7017,0.18594167090553926
7513,0.18019167591374152
9641,0.6462557084926643
7189,0.782414390232641
9378,0.6896778304170352
9584,0.6111549616949803
7128,0.011686662253129754
8296,0.4181503717917753
9813,0.6937923074623042
7970,0.19484513497659894
7568,0.3552019036567221
9622,0.8789045868390369
7788,0.026206958796469948
7631,0.9217170864740372
7854,0.20746509442235783
9690,0.6510524277442122
9866,0.7702958242434982
7541,0.7479023999084833
8964,0.27298098377509505
9014,0.8999894148383755
9827,0.12411079667930136
7274,0.36348271661930687
8201,0.45684861557334955
7024,0.8159153826750722
7185,0.19720016194302104
8058,0.7898168621945764
7218,0.9834511347093389
7197,0.2774931412510645
9656,0.3441441259141028
7059,0.5791814342079089
9672,0.48185892341832515
8617,0.4466046137248215
9846,0.9772730404354143
8050,0.7708412653015353
7238,0.14473975253211668
9147,0.23775114358739546
9002,0.02453541454304098
8517,0.6769107858144366
7377,0.4197674518905524
7894,0.09230329559272155
8213,0.47230627738782494
7150,0.15713729160535528
7287,0.7373342968590973
9468,0.21153438647641298
8260,0.9283848767094535
7427,0.6377781619949855
9267,0.7715762838322959
9646,0.8718781485819432
7868,0.7803212357304447
8573,0.9307441293010992
7157,0.3644740978180553
7435,0.42323559141823475
8938,0.4730895926697517
8599,0.16077703148226985
8501,0.860496500459404
7451,0.11474794909525277
9911,0.2607484950816147
8291,0.9094832318059239
7347,0.7989645561285107
9049,0.12493035445194922
7696,0.0056909203331336755
8069,0.3833432989846921
8612,0.2022504187730748
9311,0.7300152720123791
8648,0.21823848555608227
8861,0.7866742260306835
7690,0.7512384585088605
6960,0.3178427292334006
9663,0.813787003810672
7486,0.9018345909499877
8391,0.6185462764952342
8869,0.010174668907485973
9755,0.9610727753244744
7237,0.14937702121833463
7194,0.7664782010548087
7336,0.5437990274649795
7058,0.6307451109793643
8804,0.3501687213773944
9649,0.38241414712152877
9867,0.49434092365226123
8046,0.6572803479899658
7111,0.5332784090955635
7692,0.6941487425457015
9949,0.36864845062958984
7648,0.19604982006742955
8406,0.7269765744405752
6975,0.8047866364347932
9540,0.016563367029847398
7851,0.9250913632146371
8609,0.35508874368049137
8047,0.013467011380509986
7980,0.46057109420265685
9089,0.2874568927105501
9504,0.031600452220093334
8925,0.3718703253255682
8840,0.9991969175188194
9545,0.25364868330728285
8269,0.6235949946895847
7935,0.1354726227083567
7232,0.5735548180345817
7849,0.44772416192730413
7033,0.7303193463522417
9627,0.056421588067502304
7211,0.8774041609639357
8248,0.24478625901367834
7116,0.778596700906058
9548,0.3316954143270844
9948,0.025698533394035716
8011,0.6568939158385371
7897,0.05484500952786753
9611,0.8686914866019715
7296,0.9083398987769842
7204,0.9399060959699211
8585,0.6894701773114261
7797,0.5409417405152399
8988,0.5797808084528868
8276,0.5036855705727955
7913,0.767709533461283
9092,0.4532507462913491
7552,0.7872201999453432
7115,0.8842803660102407
9135,0.551472063091982
9115,0.5389964938876279
7413,0.7982557339527483
9191,0.7399512960472009
8581,0.27768252181188424
7457,0.43186406447243286
9578,0.6665737126794665
7339,0.5273243680713631
9370,0.8880507494115968
8704,0.9360945678708609
7733,0.4298119380077037
9586,0.35988060117510756
8063,0.6177134022065226
7212,0.5483681225974063
9760,0.6145163441392307
9818,0.5759902137269046
7964,0.43753973203589
9839,0.40635578687229246
8870,0.15055909348340568
7353,0.01431886801444926
8835,0.2309548595416966
8667,0.25860192245205127
9052,0.42158096715342697
7625,0.8075012855705251
7947,0.9011386465959862
9124,0.25107259270217896
8245,0.6286059578810851
9855,0.27644538054266055
6956,0.12028383747492521
9246,0.10623024948611759
7510,0.56196965053846
7871,0.210920160130602
7802,0.8641860674923684
7646,0.2350257492046266
8212,0.8880933111328476
7269,0.36181598130079884
9268,0.30721910193368085
9148,0.2487629124892572
8936,0.5615405722746283
7560,0.2366036826346941
7418,0.10597267109893638
9037,0.3113098933330125
8684,0.9002486152616542
8193,0.09118857349357257
7286,0.628781174356256
7430,0.31558811456388525
7985,0.12267179904796488
7380,0.45809072263151074
9673,0.24504128953600468
7265,0.8933281658497767
7787,0.25485976636628815
7857,0.14901570024871247
7266,0.41221505809948444
9183,0.5502925972046545
9381,0.5740811394838835
9537,0.1750827685121833
8880,0.3826155241405592
7616,0.1942679185193551
7728,0.5653243192140824
8569,0.28989119374732686
7168,0.8376096097252246
7184,0.5084487287193225
7550,0.2601277509630677
7905,0.6491744951331867
8361,0.7202450097513445
8506,0.631737477734494
8334,0.459131066324453
8243,0.7245428302271213
9893,0.9882096844653803
9848,0.6730543558986157
7279,0.43256102584386025
8378,0.46447638135457625
7088,0.7877185189108674
9874,0.3912882654773797
9490,0.9605930665034793
9466,0.42001746255202177
9658,0.34765149604941614
7452,0.7356069230510074
7120,0.49588997726865713
9173,0.1824152258285182
9513,0.04736494001155578
8647,0.25907520563112785
7577,0.08919670857682083
9772,0.4337857379499407
8470,0.39674777149384766
8081,0.8022300848852341
8033,0.9525240683307742
8467,0.4189964747534991
8404,0.9484761783122349
8664,0.6751229306312461
7176,0.8239402612677716
8758,0.21820416352541983
7454,0.4307151744853247
8819,0.38686719209786324
7528,0.8410901239920001
7609,0.893746988519385
7166,0.9816955553950202
7529,0.9038370015679642
8539,0.38203906289094536
9335,0.5236150102186915
8745,0.036357441787808975
9259,0.8836096727435198
8333,0.12976552556497833
7505,0.800591604573585
8866,0.541272861420641
9405,0.4683327043155965
8829,0.5480254125622033
9105,0.6463458523075275
9634,0.529047194291502
8028,0.17039974681038916
8282,0.04352129444309283
7589,0.17272616069600466
8097,0.926723863465232
8966,0.9995076660504816
9136,0.1655863435703271
7208,0.3047457526249939
7124,0.9755794328412811
8843,0.6680068632107924
8763,0.8543423707929892
8914,0.14916167606246178
8856,0.027354342166028944
7144,0.1822018928427136
8454,0.32191453209641663
8975,0.47946677086355316
7466,0.2822762375836856
9549,0.810030265525944
8386,0.39805523899516626
9065,0.11585071341612263
9432,0.951906577112515
7354,0.66369954713105
7672,0.13011692760936944
7000,0.09425359503097974
8860,0.5629922203992497
7179,0.8138008725926282
9667,0.03662914572339426
9517,0.5374770273353133
7620,0.49620326963390293
8415,0.9628720295785159
7190,0.6380466184058137
8738,0.6913662635609163
7506,0.7226831466912387
9625,0.1626327191031114
8917,0.8777226636151667
7764,0.7529794444408923
9901,0.19339370761091867
9598,0.2106612040456709
7724,0.09697498970728391
9753,0.8659352178409204
9529,0.9005814760523161
8527,0.9908226660842325
8363,0.16912968246513538
8989,0.5330034328840461
7883,0.6871970119939287
8265,0.04900632955335282
7330,0.24335405009422562
9009,0.6158773259912915
8421,0.6739497454614397
7835,0.141293485251762
7207,0.07751892643464753
8237,0.026907667344743702
8208,0.08702503209806911
9699,0.3990624754317146
9345,0.8073790210209867
8116,0.298257000722296
9407,0.14064681420762992
9144,0.13585608317153908
8246,0.27048807462062874
9602,0.22347412407619993
9896,0.20891129648453388
6986,0.5379310691870574
8099,0.6778152905063518
9733,0.11068482486386177
9117,0.9843290884230267
7075,0.2547461161480269
8661,0.27903006285444376
7680,0.23005253362414502
8275,0.19719873639377872
8543,0.7519001407561686
9796,0.7791052086263458
9914,0.9828339622541693
7444,0.028522109179210053
9269,0.5331326574410019
8255,0.556182452158336
7210,0.5992769191904717
7863,0.020884721049996613
7608,0.8763925594174649
9509,0.08177011518677157
8410,0.0736959266626459
7789,0.9613454359468694
8943,0.47502782718738146
9299,0.863471991991487
8837,0.1975124194906993
7751,0.2341664211320147
9890,0.805887324730826
8052,0.7649880040291962
9217,0.6559094565588306
9665,0.7235013152128179
9067,0.39317253634544724
9215,0.7343648591123056
7468,0.9562039935125309
8827,0.8693304984737434
7273,0.7847789787354793
8650,0.8778773156594408
8134,0.5223872831259873
7812,0.48704737088377037
7780,0.8184894561968507
9764,0.8663955011507211
8897,0.1927746379873848
8367,0.816586210553622
9142,0.098872365140525
8086,0.7914535794451251
6997,0.0006622306406601774
9382,0.7886990490981718
8273,0.028673112607815354
8689,0.6553176138309491
7966,0.743452860103935
7019,0.48457568939601425
7904,0.43175416471995565
8155,0.9061853288471318
9825,0.9838496685968623
7004,0.11531576840606517
8043,0.8217148057550632
6972,0.86442608140998
7526,0.39541362579466166
7707,0.5600337508461282
8754,0.266769494003247
8821,0.8443629778659382
7227,0.8618705178613871
8157,0.9734998695909945
9635,0.8989040910177303
8226,0.03157502821589753
8655,0.13641199053231778
9693,0.8266916423912111
6988,0.8433170517376224
7443,0.9402317459209151
9032,0.8415160745291763
8892,0.3693791405191085
9310,0.6281796484467397
8465,0.22806551326770097
7832,0.6874472023916379
8541,0.4086467407141926
9775,0.9851004470949903
9061,0.5066384509314276
7885,0.7825245993537637
7047,0.3205210801533711
9111,0.21340207555757307
8725,0.1683529926710795
9535,0.35630654309650844
8327,0.3858629857655965
7465,0.008244783062130834
9047,0.733661546846535
9946,0.4999780170724957
9344,0.6814947943969422
8649,0.8769728821906414
9158,0.7025526056146617
9051,0.4653157472455013
7962,0.481519824141467
7553,0.7866914342593713
7314,0.22639131448818117
8446,0.3749694975445983
8185,0.9541647662156154
6961,0.9065570276548135
8225,0.2704691802095971
9935,0.3461241899544073
7794,0.9371562270551368
7171,0.23363420419586223
7073,0.08045048033024793
8911,0.2501089824260264
7495,0.19192898259050606
7749,0.5458694871473283
9876,0.055442013701732185
7576,0.9354176233679539
7437,0.21203364232767286
9318,0.8754671981372215
8560,0.017523976118359652
9581,0.7698613675247983
8500,0.38248028656294975
8306,0.41182561601762624
9759,0.6747247951979233
8195,0.8899780397989836
9879,0.7951037244998734
7515,0.7288231811259759
8951,0.5578156597921714
8258,0.9304015785115297
8525,0.6757994402639742
8413,0.7017719865857387
8651,0.925246779723842
8605,0.2979076366048802
8032,0.782237462788647
8902,0.9140250007882559
7655,0.1171618398725025
9285,0.21670978486896864
9648,0.44508187883878636
8653,0.4032145487341835
8516,0.08844971508349897
9660,0.6518179500312995
7602,0.24355293125098676
9786,0.4188809767310131
7398,0.7385119883787077
7936,0.36097617718012576
8743,0.4794209972630492
8540,0.9609240293535525
7467,0.3409097992354029
9928,0.9973216909220121
9565,0.5288749709945122
7996,0.11267228835946874
9851,0.299935244779587
7847,0.42473440338012647
8192,0.7091531974819324
8314,0.10600066260375185
7747,0.07608370832475031
8151,0.5957509263714686
9826,0.4960761313629737
9729,0.015174515672493616
9308,0.32190356460858394
8636,0.7423684502493277
9406,0.11740862309829003
9891,0.7929939883584803
8398,0.6825102406327669
9816,0.8488808748232907
7282,0.430754125464072
7392,0.0064485005516671245
8522,0.08130267108883227
7315,0.3684008995464274
9221,0.7590660963230682
8319,0.1604781690951571
9516,0.20442960926547515
8337,0.7794393154993654
8760,0.4185949039837603
8005,0.7708852838237555
9176,0.5394766517870959
9703,0.2720025180041781
8120,0.9724187147539178
8304,0.9945828353231997
9872,0.8311798683847594
9445,0.45347997453810795
8287,0.9346842570746196
8492,0.3936236456828577
8387,0.5194625892805054
6982,0.39826776023809307
7400,0.5835755777669659
8428,0.9792173511517238
9210,0.8501625690334867
8036,0.7338408184304515
7548,0.8688692269463839
8816,0.9485689553518386
9506,0.5604713659685163
9417,0.07788573683868016
9120,0.16570208629524386
8416,0.5744689213392778
9193,0.3597537388661034
8143,0.5748105894337959
8023,0.3883778647224869
7969,0.9144972799889124
7417,0.35136990326950435
9081,0.458473640043773
8206,0.9371432480873898
7729,0.4202120416530509
8876,0.9297321416821483
9642,0.2719869067392561
8115,0.5329407548078634
8722,0.8971868324623172
9742,0.5791461014057375
7012,0.003437578857502177
7547,0.40090769262397796
9206,0.00715109228252464
7830,0.8562287622183562
9500,0.26924511201293366
8113,0.7914500625710384
9920,0.1681729445554737
9319,0.5909824646176058
8197,0.7889570066500805
7027,0.5596568774457136
9761,0.18331056940459156
9778,0.457297418058225
8443,0.8058523302722287
8950,0.16198937994061002
9322,0.992462081130188
8755,0.5033689033796013
9650,0.5220883614140122
7470,0.7525699470249861
8329,0.6824943337190216
8637,0.05864824437283922
9557,0.3471280113851556
7658,0.23460516027307787
8240,0.943102013748384
9437,0.6806477804225128
7363,0.2699854742889709
7385,0.506727106295506
8241,0.37760181990886876
7919,0.036439868900987715
9263,0.516233861201377
9580,0.9321546817478465
9829,0.4716615560076163
7071,0.00864026264066331
9624,0.19366892699375937
9239,0.39704937884114455
9840,0.7539327529515905
8321,0.6877735803613984
9566,0.7845326328224345
9361,0.30686259582751474
8288,0.1497476330578138
9475,0.8227074044303992
7828,0.9900199926884323
